[{"id":"user-image-8df4556bf0bfab55b670019da7695c03ed32a5946531d133de818e6e607e821532b7d16672e64ecd2fed4889401f8bda88ed7ae4b81c4ab2b2226d_1280.jpg","fileName":"8df4556bf0bfab55b670019da7695c03ed32a5946531d133de818e6e607e821532b7d16672e64ecd2fed4889401f8bda88ed7ae4b81c4ab2b2226d_1280.jpg","name":"8df4556bf0bfab55b670019da7695c03ed32a5946531d133de818e6e607e821532b7d16672e64ecd2fed4889401f8bda88ed7ae4b81c4ab2b2226d_1280","publicUrl":"https://assets.nicepagecdn.com/9659f990/5393081/images/8df4556bf0bfab55b670019da7695c03ed32a5946531d133de818e6e607e821532b7d16672e64ecd2fed4889401f8bda88ed7ae4b81c4ab2b2226d_1280.jpg","size":192641,"hash":"a60BWFHOeqR02Y+jhay/97TMWgs=","width":1280,"height":853,"folderId":null,"thumbnail":{"url":"https://assets.nicepagecdn.com/9659f990/5393081/images/thumbnails/8df4556bf0bfab55b670019da7695c03ed32a5946531d133de818e6e607e821532b7d16672e64ecd2fed4889401f8bda88ed7ae4b81c4ab2b2226d_1280.jpg","width":150,"height":100},"usages":[]},{"id":"user-image-d33583cf42de7a58225a51d81becedc3bc70213aef4c69beda107209b51ec4d0675a069078fee10176de3f476c8aa3762d8cd8ac71c7178dedf452_1280.jpg","fileName":"d33583cf42de7a58225a51d81becedc3bc70213aef4c69beda107209b51ec4d0675a069078fee10176de3f476c8aa3762d8cd8ac71c7178dedf452_1280.jpg","name":"d33583cf42de7a58225a51d81becedc3bc70213aef4c69beda107209b51ec4d0675a069078fee10176de3f476c8aa3762d8cd8ac71c7178dedf452_1280","publicUrl":"https://assets.nicepagecdn.com/9659f990/5393081/images/d33583cf42de7a58225a51d81becedc3bc70213aef4c69beda107209b51ec4d0675a069078fee10176de3f476c8aa3762d8cd8ac71c7178dedf452_1280.jpg","size":213631,"hash":"yo62QXhG51jcc3eZBTjvLmRGNhk=","width":1280,"height":853,"folderId":null,"thumbnail":{"url":"https://assets.nicepagecdn.com/9659f990/5393081/images/thumbnails/d33583cf42de7a58225a51d81becedc3bc70213aef4c69beda107209b51ec4d0675a069078fee10176de3f476c8aa3762d8cd8ac71c7178dedf452_1280.jpg","width":150,"height":100},"usages":["5393091"]},{"id":"user-image-a23bc7e7491a7791b9cd3d6e27ad77e8fd3d456a4f23edf1ec2de5f13eb9c2b647a578a51d5cd3b430bee59d27924d9ed7beef25e1ed4d034b1e02_1280.jpg","fileName":"a23bc7e7491a7791b9cd3d6e27ad77e8fd3d456a4f23edf1ec2de5f13eb9c2b647a578a51d5cd3b430bee59d27924d9ed7beef25e1ed4d034b1e02_1280.jpg","name":"a23bc7e7491a7791b9cd3d6e27ad77e8fd3d456a4f23edf1ec2de5f13eb9c2b647a578a51d5cd3b430bee59d27924d9ed7beef25e1ed4d034b1e02_1280","publicUrl":"https://assets.nicepagecdn.com/9659f990/5393081/images/a23bc7e7491a7791b9cd3d6e27ad77e8fd3d456a4f23edf1ec2de5f13eb9c2b647a578a51d5cd3b430bee59d27924d9ed7beef25e1ed4d034b1e02_1280.jpg","size":176969,"hash":"HGxPUakAhZoY1d8WMArkwNLm4xs=","width":1280,"height":614,"folderId":null,"thumbnail":{"url":"https://assets.nicepagecdn.com/9659f990/5393081/images/thumbnails/a23bc7e7491a7791b9cd3d6e27ad77e8fd3d456a4f23edf1ec2de5f13eb9c2b647a578a51d5cd3b430bee59d27924d9ed7beef25e1ed4d034b1e02_1280.jpg","width":150,"height":72},"usages":["5393091"]},{"id":"user-image-4bea4b0d9e64ec1a8add18a8612f43419f8dd3db0e555366a70d182871717604ec4c355541dbc713b9022ed7b38d98d2a0d1c079af11d7efffd321_1280.jpg","fileName":"4bea4b0d9e64ec1a8add18a8612f43419f8dd3db0e555366a70d182871717604ec4c355541dbc713b9022ed7b38d98d2a0d1c079af11d7efffd321_1280.jpg","name":"4bea4b0d9e64ec1a8add18a8612f43419f8dd3db0e555366a70d182871717604ec4c355541dbc713b9022ed7b38d98d2a0d1c079af11d7efffd321_1280","publicUrl":"https://assets.nicepagecdn.com/9659f990/5393081/images/4bea4b0d9e64ec1a8add18a8612f43419f8dd3db0e555366a70d182871717604ec4c355541dbc713b9022ed7b38d98d2a0d1c079af11d7efffd321_1280.jpg","size":219554,"hash":"ODsTooKHyXE1c9eeKwW3eeX3ZsY=","width":1280,"height":853,"folderId":null,"thumbnail":{"url":"https://assets.nicepagecdn.com/9659f990/5393081/images/thumbnails/4bea4b0d9e64ec1a8add18a8612f43419f8dd3db0e555366a70d182871717604ec4c355541dbc713b9022ed7b38d98d2a0d1c079af11d7efffd321_1280.jpg","width":150,"height":100},"usages":[]},{"id":"user-image-kafuri.png","fileName":"kafuri.png","name":"kafuri","publicUrl":"https://assets.nicepagecdn.com/9659f990/5393081/images/kafuri.png","size":190359,"hash":"mYhR8LB3mx2uvspwLL+8XWer77U=","width":2048,"height":2048,"folderId":null,"thumbnail":{"url":"https://assets.nicepagecdn.com/9659f990/5393081/images/thumbnails/kafuri.png","width":150,"height":150},"usages":["5393089"]},{"id":"user-image-mgvd.png","fileName":"mgvd.png","name":"mgvd","publicUrl":"https://assets.nicepagecdn.com/9659f990/5393081/images/mgvd.png","size":144563,"hash":"QhBBJ9uWIuJ/0+b57HlmfrkZ2AY=","width":1024,"height":1024,"folderId":null,"thumbnail":{"url":"https://assets.nicepagecdn.com/9659f990/5393081/images/thumbnails/mgvd.png","width":150,"height":150},"usages":["5393091","5393093","5393092"]},{"id":"user-image-bharat.jpeg","fileName":"bharat.jpeg","name":"bharat","publicUrl":"https://assets.nicepagecdn.com/9659f990/5393081/images/bharat.jpeg","size":10511,"hash":"GsBZjqsNKiJlgurUxpaMge7snwM=","width":199,"height":253,"folderId":null,"usages":["5248886","5393089"],"thumbnail":{"url":"https://assets.nicepagecdn.com/9659f990/5393081/images/bharat.jpeg","width":199,"height":253}},{"id":"user-image-uttam.jpeg","fileName":"uttam.jpeg","name":"uttam","publicUrl":"https://assets.nicepagecdn.com/9659f990/5393081/images/uttam.jpeg","size":16751,"hash":"oXzQ/0XKS/oqnNO9w12RvbRzhf4=","width":187,"height":270,"folderId":null,"usages":["5248886","5393089"],"thumbnail":{"url":"https://assets.nicepagecdn.com/9659f990/5393081/images/uttam.jpeg","width":187,"height":270}},{"id":"user-image-product-jpeg-500x500.webp","fileName":"product-jpeg-500x500.webp","name":"product-jpeg-500x500","publicUrl":"https://assets.nicepagecdn.com/9659f990/5393081/images/product-jpeg-500x500.webp","size":34650,"hash":"JJ82PpB6qGSGYwoT5zJ/dS2OkdI=","width":318,"height":500,"folderId":null,"usages":["5248886","5393089"],"thumbnail":{"url":"https://assets.nicepagecdn.com/9659f990/5393081/images/product-jpeg-500x500.webp","width":318,"height":500}},{"id":"user-image-5248886-3.png","fileName":"5248886-3.png","name":"5248886-3","publicUrl":"https://assets.nicepagecdn.com/9659f990/5393081/images/5248886-3.png","size":917277,"hash":"o//BoFYcp+Eg9/BYxg+r4KiabPs=","width":1316,"height":1000,"folderId":null,"usages":["5248886","5393089"],"thumbnail":{"url":"https://assets.nicepagecdn.com/9659f990/5393081/images/5248886-3.png","width":1316,"height":1000}},{"id":"user-image-5248886-2.png","fileName":"5248886-2.png","name":"5248886-2","publicUrl":"https://assets.nicepagecdn.com/9659f990/5393081/images/5248886-2.png","size":1885528,"hash":"l1taEtEqqETo6wp4LdlRd2LCURs=","width":1559,"height":1000,"folderId":null,"usages":[],"thumbnail":{"url":"https://assets.nicepagecdn.com/9659f990/5393081/images/5248886-2.png","width":1559,"height":1000}},{"id":"user-image-5248886-1.jpeg","fileName":"5248886-1.jpeg","name":"5248886-1","publicUrl":"https://assets.nicepagecdn.com/9659f990/5393081/images/5248886-1.jpeg","size":1162366,"hash":"PyDVibK91KmitRue3741c+JzGIc=","width":1500,"height":1000,"folderId":null,"usages":["5248886","5393089"],"thumbnail":{"url":"https://assets.nicepagecdn.com/9659f990/5393081/images/5248886-1.jpeg","width":1500,"height":1000}},{"id":"user-image-5248886-0.jpeg","fileName":"5248886-0.jpeg","name":"5248886-0","publicUrl":"https://assets.nicepagecdn.com/9659f990/5393081/images/5248886-0.jpeg","size":383765,"hash":"fYSOzEERUGo1mjhPe2iSm3q8ySg=","width":1497,"height":1000,"folderId":null,"usages":["5248886","5393089"],"thumbnail":{"url":"https://assets.nicepagecdn.com/9659f990/5393081/images/5248886-0.jpeg","width":1497,"height":1000}},{"id":"user-image-c545551d62ddbb1e90580ae5abeab5c44c0289414019e4d29375bfa9f3a89808835c4e8ecf1dd84687d6fc32b8e1bf501681dad8ac53f68a3bceb8_1280.jpg","fileName":"c545551d62ddbb1e90580ae5abeab5c44c0289414019e4d29375bfa9f3a89808835c4e8ecf1dd84687d6fc32b8e1bf501681dad8ac53f68a3bceb8_1280.jpg","name":"c545551d62ddbb1e90580ae5abeab5c44c0289414019e4d29375bfa9f3a89808835c4e8ecf1dd84687d6fc32b8e1bf501681dad8ac53f68a3bceb8_1280","publicUrl":"https://assets.nicepagecdn.com/9659f990/5393081/images/c545551d62ddbb1e90580ae5abeab5c44c0289414019e4d29375bfa9f3a89808835c4e8ecf1dd84687d6fc32b8e1bf501681dad8ac53f68a3bceb8_1280.jpg","size":452752,"hash":"hPKBX1s2HergRvcZUHHpSVW9XWU=","width":1280,"height":897,"folderId":null,"usages":["5241432","5393092"],"thumbnail":{"url":"https://assets.nicepagecdn.com/9659f990/5393081/images/c545551d62ddbb1e90580ae5abeab5c44c0289414019e4d29375bfa9f3a89808835c4e8ecf1dd84687d6fc32b8e1bf501681dad8ac53f68a3bceb8_1280.jpg","width":1280,"height":897}},{"id":"user-image-c7110af6945759a3495a5f1899a0946300848d7a108d78e697fdd5f0d6f957654a71c00a70a598e0611f9ce9d1e57c25787a26424e4050cd03fb2d_1280.jpg","fileName":"c7110af6945759a3495a5f1899a0946300848d7a108d78e697fdd5f0d6f957654a71c00a70a598e0611f9ce9d1e57c25787a26424e4050cd03fb2d_1280.jpg","name":"c7110af6945759a3495a5f1899a0946300848d7a108d78e697fdd5f0d6f957654a71c00a70a598e0611f9ce9d1e57c25787a26424e4050cd03fb2d_1280","publicUrl":"https://assets.nicepagecdn.com/9659f990/5393081/images/c7110af6945759a3495a5f1899a0946300848d7a108d78e697fdd5f0d6f957654a71c00a70a598e0611f9ce9d1e57c25787a26424e4050cd03fb2d_1280.jpg","size":409366,"hash":"osCi2eNmZg3hAgxhBD1LI3ortKE=","width":1280,"height":854,"folderId":null,"usages":["5241432","5393092"],"thumbnail":{"url":"https://assets.nicepagecdn.com/9659f990/5393081/images/c7110af6945759a3495a5f1899a0946300848d7a108d78e697fdd5f0d6f957654a71c00a70a598e0611f9ce9d1e57c25787a26424e4050cd03fb2d_1280.jpg","width":1280,"height":854}},{"id":"user-image-ef5d6d2032ffe7216b87744b15d6c5fe88281b7984ce4c76989c7afa2565ef8fa576e7c73b326cd4127b76c799de54d3fcfe85d1edd6b877127246_1280.jpg","fileName":"ef5d6d2032ffe7216b87744b15d6c5fe88281b7984ce4c76989c7afa2565ef8fa576e7c73b326cd4127b76c799de54d3fcfe85d1edd6b877127246_1280.jpg","name":"ef5d6d2032ffe7216b87744b15d6c5fe88281b7984ce4c76989c7afa2565ef8fa576e7c73b326cd4127b76c799de54d3fcfe85d1edd6b877127246_1280","publicUrl":"https://assets.nicepagecdn.com/9659f990/5393081/images/ef5d6d2032ffe7216b87744b15d6c5fe88281b7984ce4c76989c7afa2565ef8fa576e7c73b326cd4127b76c799de54d3fcfe85d1edd6b877127246_1280.jpg","size":478099,"hash":"dRP0hSdD/NjoFwkOujFfXNDj0UE=","width":1280,"height":608,"folderId":null,"usages":["5241433"],"thumbnail":{"url":"https://assets.nicepagecdn.com/9659f990/5393081/images/ef5d6d2032ffe7216b87744b15d6c5fe88281b7984ce4c76989c7afa2565ef8fa576e7c73b326cd4127b76c799de54d3fcfe85d1edd6b877127246_1280.jpg","width":1280,"height":608}},{"id":"user-image-91f21b881110a0a3178685ab0bdf74ae79ec9c1892b99e22fb9e7b7d74d8c2946b88fae157d7522e82f920392e18c1d330c3736bac3b1f43d4734a_1280.jpg","fileName":"91f21b881110a0a3178685ab0bdf74ae79ec9c1892b99e22fb9e7b7d74d8c2946b88fae157d7522e82f920392e18c1d330c3736bac3b1f43d4734a_1280.jpg","name":"91f21b881110a0a3178685ab0bdf74ae79ec9c1892b99e22fb9e7b7d74d8c2946b88fae157d7522e82f920392e18c1d330c3736bac3b1f43d4734a_1280","publicUrl":"https://assets.nicepagecdn.com/9659f990/5393081/images/91f21b881110a0a3178685ab0bdf74ae79ec9c1892b99e22fb9e7b7d74d8c2946b88fae157d7522e82f920392e18c1d330c3736bac3b1f43d4734a_1280.jpg","size":109356,"hash":"XnLy34AEWQdEXmerimcK9XcoaUc=","width":1280,"height":738,"folderId":null,"usages":[],"thumbnail":{"url":"https://assets.nicepagecdn.com/9659f990/5393081/images/91f21b881110a0a3178685ab0bdf74ae79ec9c1892b99e22fb9e7b7d74d8c2946b88fae157d7522e82f920392e18c1d330c3736bac3b1f43d4734a_1280.jpg","width":1280,"height":738}},{"id":"user-image-936c92325bc4195f472d8394a8ec4237e98227209f0e6fb0a36dd567f9a8b143c571584e82d7844c45893a15bf57acbb9f10f72a15e4dbc5dc991f_1280.png","fileName":"936c92325bc4195f472d8394a8ec4237e98227209f0e6fb0a36dd567f9a8b143c571584e82d7844c45893a15bf57acbb9f10f72a15e4dbc5dc991f_1280.png","name":"936c92325bc4195f472d8394a8ec4237e98227209f0e6fb0a36dd567f9a8b143c571584e82d7844c45893a15bf57acbb9f10f72a15e4dbc5dc991f_1280","publicUrl":"https://assets.nicepagecdn.com/9659f990/5393081/images/936c92325bc4195f472d8394a8ec4237e98227209f0e6fb0a36dd567f9a8b143c571584e82d7844c45893a15bf57acbb9f10f72a15e4dbc5dc991f_1280.png","size":1090416,"hash":"hAFDAsQcdXQUiIQ/+GLyj6jP8K8=","width":1280,"height":897,"folderId":null,"usages":["5241433"],"thumbnail":{"url":"https://assets.nicepagecdn.com/9659f990/5393081/images/936c92325bc4195f472d8394a8ec4237e98227209f0e6fb0a36dd567f9a8b143c571584e82d7844c45893a15bf57acbb9f10f72a15e4dbc5dc991f_1280.png","width":1280,"height":897}},{"id":"user-image-76499a596086f48f59438db54ca746bde2ec44dbb71aebaa513232538ba771706cb69e11811fdaf6e574fe4efba989909b55ee9c722be7d1d8f3b6_1280.jpg","fileName":"76499a596086f48f59438db54ca746bde2ec44dbb71aebaa513232538ba771706cb69e11811fdaf6e574fe4efba989909b55ee9c722be7d1d8f3b6_1280.jpg","name":"76499a596086f48f59438db54ca746bde2ec44dbb71aebaa513232538ba771706cb69e11811fdaf6e574fe4efba989909b55ee9c722be7d1d8f3b6_1280","publicUrl":"https://assets.nicepagecdn.com/9659f990/5393081/images/76499a596086f48f59438db54ca746bde2ec44dbb71aebaa513232538ba771706cb69e11811fdaf6e574fe4efba989909b55ee9c722be7d1d8f3b6_1280.jpg","size":207011,"hash":"2D8SP/zzn6PYZ21yvJwqYDVo+8E=","width":1280,"height":853,"folderId":null,"usages":["5241433","5393093"],"thumbnail":{"url":"https://assets.nicepagecdn.com/9659f990/5393081/images/76499a596086f48f59438db54ca746bde2ec44dbb71aebaa513232538ba771706cb69e11811fdaf6e574fe4efba989909b55ee9c722be7d1d8f3b6_1280.jpg","width":1280,"height":853}},{"id":"user-image-9319106.png","fileName":"9319106.png","name":"9319106","publicUrl":"https://assets.nicepagecdn.com/9659f990/5393081/images/9319106.png","size":10841,"hash":"ay8M9sdr1qOx33iJMwx/iLlS0TY=","width":128,"height":128,"folderId":null,"usages":["5241434","5393091"],"thumbnail":{"url":"https://assets.nicepagecdn.com/9659f990/5393081/images/9319106.png","width":128,"height":128}},{"id":"user-image-45255.png","fileName":"45255.png","name":"45255","publicUrl":"https://assets.nicepagecdn.com/9659f990/5393081/images/45255.png","size":3109,"hash":"685rNkwAJzSUoCo/91xHcA4hkhg=","width":128,"height":128,"folderId":null,"usages":["5241434","5393091"],"thumbnail":{"url":"https://assets.nicepagecdn.com/9659f990/5393081/images/45255.png","width":128,"height":128}},{"id":"user-image-9921054.png","fileName":"9921054.png","name":"9921054","publicUrl":"https://assets.nicepagecdn.com/9659f990/5393081/images/9921054.png","size":5421,"hash":"yjc15L2hQ11dHnMACrshSH243j4=","width":128,"height":128,"folderId":null,"usages":["5241434","5393091"],"thumbnail":{"url":"https://assets.nicepagecdn.com/9659f990/5393081/images/9921054.png","width":128,"height":128}},{"id":"user-image-6327254.png","fileName":"6327254.png","name":"6327254","publicUrl":"https://assets.nicepagecdn.com/9659f990/5393081/images/6327254.png","size":6821,"hash":"SWutkBn4skBfrPPWv3QY1TZbm6g=","width":128,"height":128,"folderId":null,"usages":[],"thumbnail":{"url":"https://assets.nicepagecdn.com/9659f990/5393081/images/6327254.png","width":128,"height":128}},{"id":"user-image-1294391.png","fileName":"1294391.png","name":"1294391","publicUrl":"https://assets.nicepagecdn.com/9659f990/5393081/images/1294391.png","size":3913,"hash":"hiKfpLg3ObYAHYvgDvdmNH9YtJw=","width":128,"height":128,"folderId":null,"usages":[],"thumbnail":{"url":"https://assets.nicepagecdn.com/9659f990/5393081/images/1294391.png","width":128,"height":128}},{"id":"user-image-3536505.png","fileName":"3536505.png","name":"3536505","publicUrl":"https://assets.nicepagecdn.com/9659f990/5393081/images/3536505.png","size":2643,"hash":"WyZ0gTejSZPocf+B8peDx8+O/4Q=","width":128,"height":128,"folderId":null,"usages":[],"thumbnail":{"url":"https://assets.nicepagecdn.com/9659f990/5393081/images/3536505.png","width":128,"height":128}},{"id":"user-image-2099199.png","fileName":"2099199.png","name":"2099199","publicUrl":"https://assets.nicepagecdn.com/9659f990/5393081/images/2099199.png","size":1306,"hash":"yU8e3MZiABk4DcU/k9AGO1QzpSo=","width":128,"height":128,"folderId":null,"usages":["5241433","5393093"],"thumbnail":{"url":"https://assets.nicepagecdn.com/9659f990/5393081/images/2099199.png","width":128,"height":128}},{"id":"user-image-646094.png","fileName":"646094.png","name":"646094","publicUrl":"https://assets.nicepagecdn.com/9659f990/5393081/images/646094.png","size":2920,"hash":"D4R2eI+UniH8DFN5GIjVyvdbvvY=","width":128,"height":128,"folderId":null,"usages":[],"thumbnail":{"url":"https://assets.nicepagecdn.com/9659f990/5393081/images/646094.png","width":128,"height":128}},{"id":"user-image-3178158.png","fileName":"3178158.png","name":"3178158","publicUrl":"https://assets.nicepagecdn.com/9659f990/5393081/images/3178158.png","size":2951,"hash":"gzka2x1pOoaq7MAm1BlRMqlMP5g=","width":128,"height":128,"folderId":null,"usages":[],"thumbnail":{"url":"https://assets.nicepagecdn.com/9659f990/5393081/images/3178158.png","width":128,"height":128}},{"id":"user-image-542689.png","fileName":"542689.png","name":"542689","publicUrl":"https://assets.nicepagecdn.com/9659f990/5393081/images/542689.png","size":1731,"hash":"ctr3nUQKtqpakt950laXL2mvUwM=","width":128,"height":128,"folderId":null,"usages":[],"thumbnail":{"url":"https://assets.nicepagecdn.com/9659f990/5393081/images/542689.png","width":128,"height":128}},{"id":"user-image-20230625_121756.png","fileName":"20230625_121756.png","name":"20230625_121756","publicUrl":"https://assets.nicepagecdn.com/9659f990/5393081/images/20230625_121756.png","size":348783,"hash":"oEs5rL0lFMTQ0rI2Vn4xvtxTE+g=","width":1920,"height":1920,"folderId":null,"usages":["5241434"],"thumbnail":{"url":"https://assets.nicepagecdn.com/9659f990/5393081/images/20230625_121756.png","width":1920,"height":1920}},{"id":"user-image-b0b5a14d8103307a2bc0298b0c6c9059bf56c12673f103a8f036cf03b154a569a83ec9b5ba3069f12cc221be178b64c37f79bb858d046004d01e40_1280.jpg","fileName":"b0b5a14d8103307a2bc0298b0c6c9059bf56c12673f103a8f036cf03b154a569a83ec9b5ba3069f12cc221be178b64c37f79bb858d046004d01e40_1280.jpg","name":"b0b5a14d8103307a2bc0298b0c6c9059bf56c12673f103a8f036cf03b154a569a83ec9b5ba3069f12cc221be178b64c37f79bb858d046004d01e40_1280","publicUrl":"https://assets.nicepagecdn.com/9659f990/5393081/images/b0b5a14d8103307a2bc0298b0c6c9059bf56c12673f103a8f036cf03b154a569a83ec9b5ba3069f12cc221be178b64c37f79bb858d046004d01e40_1280.jpg","size":277936,"hash":"t/7P9wgy3PTnuUQxMIjIrPtYDV8=","width":1280,"height":704,"folderId":null,"usages":["5241434","5393091"],"thumbnail":{"url":"https://assets.nicepagecdn.com/9659f990/5393081/images/b0b5a14d8103307a2bc0298b0c6c9059bf56c12673f103a8f036cf03b154a569a83ec9b5ba3069f12cc221be178b64c37f79bb858d046004d01e40_1280.jpg","width":1280,"height":704}}]